Radio_Re,Temperatura_K,Clase
2.334271630955307,711.0607643141251,Infierno Rocoso
1.4966286160378957,2071.371054941152,Infierno Rocoso
2.5944692731158567,1270.7264215454613,Infierno Rocoso
4.788038839407527,238.79278387911134,Gigante Gaseoso
1.399468662355413,193.44977664774905,Mundo Helado
1.399484745760137,868.883880805349,Infierno Rocoso
4.980095018403154,1972.9975939230956,Gigante Gaseoso
2.8213184479028306,1783.8182901152436,Infierno Rocoso
1.1869273746986095,1982.1066634473957,Infierno Rocoso
2.410398364968917,1317.3091882819429,Infierno Rocoso
1.191970255665753,1128.4875449909518,Infierno Rocoso
1.1900426805644575,411.2586904303957,Infierno Rocoso
1.9530135503548924,854.0722463428133,Infierno Rocoso
0.43201448065700015,1113.3474471259944,Infierno Rocoso
0.49290319524036474,267.07105271506225,Candidato Habitable
1.1122652811156422,590.4992841424676,Infierno Rocoso
0.811410015963696,1515.6519704561601,Infierno Rocoso
2.0543780145517077,1852.374629886015,Infierno Rocoso
0.8731771237183824,2495.9514029127267,Infierno Rocoso
0.6134769474935968,2336.1276617917165,Infierno Rocoso
4.599530063856158,1624.2847388612192,Gigante Gaseoso
1.4076991874865528,1082.0577305704765,Infierno Rocoso
1.7285272463908552,1608.6345435351702,Infierno Rocoso
0.6081560733618205,1974.8464642965685,Infierno Rocoso
1.1262934322945037,339.9236677622989,Candidato Habitable
1.7818387073393642,1054.266979755906,Infierno Rocoso
0.7366108802336322,2107.5155998072623,Infierno Rocoso
2.1446762591242323,990.3907322359578,Infierno Rocoso
1.0828028567537389,1451.087064506607,Infierno Rocoso
1.3442206129152372,1490.0349341123856,Infierno Rocoso
1.081993714696629,501.9668201774164,Infierno Rocoso
6.029081811968826,937.4768320481065,Gigante Gaseoso
1.6332174136308033,869.5526574177337,Infierno Rocoso
0.7863151204707071,114.18193590355875,Mundo Helado
2.9322834045369635,109.26982153382035,Mundo Helado
0.701460593965462,2087.657757005645,Infierno Rocoso
1.9082842053193012,719.0234844333904,Infierno Rocoso
0.4182110428304443,1319.2929772850978,Infierno Rocoso
0.6506846034829249,781.877655292494,Infierno Rocoso
1.8923186291806446,2354.6641505325842,Infierno Rocoso
2.7646847278526043,685.2770592211457,Infierno Rocoso
1.8588495908511644,1102.6591912103909,Infierno Rocoso
1.5205106042973577,2188.1891136872746,Infierno Rocoso
1.3353953803864806,2112.737238639931,Infierno Rocoso
0.5856895586019948,505.94847372337944,Infierno Rocoso
0.9961166140453497,2016.4761089994904,Infierno Rocoso
1.1942911868579786,1172.557872507837,Infierno Rocoso
3.455563560374033,1233.2737366091203,Infierno Rocoso
2.0970525321397426,377.02593241906226,Candidato Habitable
0.4799237178986755,247.4737087049554,Candidato Habitable
2.068572546994725,1833.4513020857248,Infierno Rocoso
1.2591569424269051,1266.3298232704844,Infierno Rocoso
1.0264996328302312,1120.28422140719,Infierno Rocoso
2.5298838742715595,1837.295160198372,Infierno Rocoso
3.392949715926238,1925.506602528219,Infierno Rocoso
3.1641867874311487,439.32501078991623,Infierno Rocoso
0.9162626072519089,1545.0516162202211,Infierno Rocoso
1.3278370456072868,381.61750158032953,Candidato Habitable
2.078994580275725,1890.868960771162,Infierno Rocoso
3.2637654961731233,1659.5401328544917,Infierno Rocoso
1.1788955593188277,2393.705821654472,Infierno Rocoso
1.44779066672719,218.9471400732319,Candidato Habitable
0.7600017965642543,189.7840668205731,Mundo Helado
0.7136628429965652,741.3583329983403,Infierno Rocoso
2.911790184393632,691.1789251529697,Infierno Rocoso
4.26042116321764,655.0980577263996,Gigante Gaseoso
1.567673878888901,2270.3237222765397,Infierno Rocoso
3.3283378276672377,661.38818963129,Infierno Rocoso
2.1236689242680367,716.276829015146,Infierno Rocoso
1.0496073814100895,1910.5257429240112,Infierno Rocoso
2.123311554287474,1151.862614003823,Infierno Rocoso
4.83860084113566,1952.940864540194,Gigante Gaseoso
1.6078884116730006,210.14708603274383,Candidato Habitable
4.929564064379919,1244.5494244997915,Gigante Gaseoso
0.2634684709857843,132.35332044904246,Mundo Helado
2.9309650959074953,203.50034846561857,Candidato Habitable
1.7523065484177613,2270.7717606938068,Infierno Rocoso
1.3373564336155617,391.15115923810816,Candidato Habitable
1.7580980012317413,1354.4306715742819,Infierno Rocoso
0.41012296885286575,1057.184226371731,Infierno Rocoso
1.4137272813127135,900.9911493341646,Infierno Rocoso
2.1169551368113058,2254.5916969338177,Infierno Rocoso
4.639125280435546,103.46732209994929,Gigante Gaseoso
1.1470699795278825,1676.2847311301932,Infierno Rocoso
0.936181864194397,2410.3163638231986,Infierno Rocoso
1.1604061457565915,1422.4120494815127,Infierno Rocoso
3.1292128346362067,2345.215031981075,Infierno Rocoso
2.0753416210077487,178.03180425075823,Mundo Helado
1.137881109858697,1076.0436317316953,Infierno Rocoso
2.3614768404705453,687.3865878570253,Infierno Rocoso
1.7646533777299536,1840.511364202788,Infierno Rocoso
3.2480392070836586,2454.177871718254,Infierno Rocoso
1.0085996002166229,678.4986529884071,Infierno Rocoso
1.3107985050846258,1652.7277736114825,Infierno Rocoso
1.2529794721357843,535.3392002613633,Infierno Rocoso
0.5918746160799981,1435.0591237004442,Infierno Rocoso
2.0284748270408755,1186.6345923864237,Infierno Rocoso
1.9792909816990811,2431.413057597266,Infierno Rocoso
1.6546333105369615,1540.8918181063432,Infierno Rocoso
1.3990438047105003,906.290611612706,Infierno Rocoso
0.6121612691895578,329.53467297543676,Candidato Habitable
1.2281982696529838,420.5547304005897,Infierno Rocoso
1.2970595765950084,602.026478380526,Infierno Rocoso
0.9402644735456555,664.8683202837301,Infierno Rocoso
1.4727037569859254,2134.009341710788,Infierno Rocoso
2.187666826249738,1424.995831292186,Infierno Rocoso
6.173896307104726,1332.3077328671977,Gigante Gaseoso
1.8630305112768095,331.1837360795828,Candidato Habitable
1.9744409075770915,2157.3422487061157,Infierno Rocoso
1.5650031847337418,1820.8950428607852,Infierno Rocoso
0.4303571426545354,215.78748665500387,Candidato Habitable
1.6184036904646273,1784.1959882129333,Infierno Rocoso
1.7197194154378213,1381.668632489483,Infierno Rocoso
9.246725406498568,250.22709707960672,Gigante Gaseoso
1.4410144210753901,1172.8365717452084,Infierno Rocoso
2.036195548754727,1237.505903468615,Infierno Rocoso
1.609143035509846,456.14762340002557,Infierno Rocoso
0.7275484921121185,2366.9604601506917,Infierno Rocoso
3.669208496068675,2132.4396601276217,Infierno Rocoso
2.7908692958599906,1689.1047264563153,Infierno Rocoso
2.868308155026653,1182.6241244514877,Infierno Rocoso
0.872344191127846,1058.8255768820459,Infierno Rocoso
4.401546769427445,1644.8849945198376,Gigante Gaseoso
0.6179821261966453,1386.3080800469183,Infierno Rocoso
2.4863107012273327,202.56910941061975,Candidato Habitable
7.639399022186869,1305.6314894873126,Gigante Gaseoso
0.8241724989537336,2025.6888622204567,Infierno Rocoso
1.1091473747204277,1175.1377001125472,Infierno Rocoso
1.7678355683464482,177.2936150079576,Mundo Helado
1.1590109847771077,1976.381588490881,Infierno Rocoso
0.5568472009430068,543.3412662331373,Infierno Rocoso
1.7297797397910788,683.621045475695,Infierno Rocoso
0.783791216479427,453.53056590912496,Infierno Rocoso
2.29679506560591,859.026908935169,Infierno Rocoso
0.8662368023611025,1904.0411889371558,Infierno Rocoso
4.87906734373354,1322.4953557846466,Gigante Gaseoso
0.9528695153038117,551.9591216692457,Infierno Rocoso
1.3159475002180452,2200.6836914725,Infierno Rocoso
2.9138115996307286,2204.9755446312465,Infierno Rocoso
0.6965574387243392,2182.917141362717,Infierno Rocoso
1.933287562863147,635.0507178847712,Infierno Rocoso
4.116486169576775,1155.536393243421,Gigante Gaseoso
0.5351339100788979,2463.224657545144,Infierno Rocoso
1.876191081059651,1941.4305669594764,Infierno Rocoso
1.9776671756499027,116.56018200262156,Mundo Helado
2.8498774981289716,209.75124858820553,Candidato Habitable
0.6935960852640836,1186.6318731902152,Infierno Rocoso
0.6542147423791854,2277.5895043608225,Infierno Rocoso
2.375859094147369,1369.8194049841497,Infierno Rocoso
2.029702582554955,1269.640644684011,Infierno Rocoso
1.9647106748966419,308.41056489374495,Candidato Habitable
2.101210792947028,1659.1112565745204,Infierno Rocoso
1.0242725925925473,2064.152743470552,Infierno Rocoso
1.9397858647975648,982.0290183935277,Infierno Rocoso
2.024151764974517,1950.2490347670523,Infierno Rocoso
0.9999540084391869,2412.9678020569886,Infierno Rocoso
6.086311041051399,549.2278248628384,Gigante Gaseoso
2.2971817479691126,1332.1575964271162,Infierno Rocoso
0.7161164768824603,753.4879973072101,Infierno Rocoso
2.610619438785659,1992.4933266329065,Infierno Rocoso
0.8333703238499794,1465.1037464088358,Infierno Rocoso
2.8603935567492,1604.7269229982442,Infierno Rocoso
3.709944456840241,2004.8896910589406,Infierno Rocoso
0.9282282449327869,1020.1276580230144,Infierno Rocoso
3.2360818436001484,2291.9706675972557,Infierno Rocoso
2.201076698067319,1355.9207247530428,Infierno Rocoso
2.9312885719384716,436.98931594660263,Infierno Rocoso
6.21990782716647,1754.952839513566,Gigante Gaseoso
1.3885059581124835,1993.4903085737233,Infierno Rocoso
0.972762501928737,826.0661088154403,Infierno Rocoso
0.8845642742132022,2150.0891796469446,Infierno Rocoso
0.9313993004797937,2270.0509741761275,Infierno Rocoso
1.5620964595907478,728.4159940756318,Infierno Rocoso
2.0934352613863205,2459.627608152294,Infierno Rocoso
2.001073045695983,394.7432437194581,Candidato Habitable
2.9418195201495285,544.9383875861004,Infierno Rocoso
1.6637953104979355,501.35085613316403,Infierno Rocoso
4.560689663153983,2240.2747895192824,Gigante Gaseoso
1.3699033867507275,1653.0167531961565,Infierno Rocoso
11.06866802584642,422.65549389456856,Gigante Gaseoso
2.554782629284588,1128.792375002455,Infierno Rocoso
0.9048281077670294,1557.480161421015,Infierno Rocoso
0.7790930839619804,254.48700822398905,Candidato Habitable
2.311116383453,2211.92010259798,Infierno Rocoso
1.4099807478248128,2018.828661831761,Infierno Rocoso
2.7177391664246047,1287.7565952627638,Infierno Rocoso
2.296224694670584,2419.4602073849674,Infierno Rocoso
1.5667756181661736,1073.5143992239941,Infierno Rocoso
0.9114162207899197,2461.0702816394196,Infierno Rocoso
0.5709845900862203,1686.4039970688864,Infierno Rocoso
1.2061573151686968,1604.9446194721565,Infierno Rocoso
3.002601729589266,456.58949347467325,Infierno Rocoso
1.9152834376387127,2210.7230078463776,Infierno Rocoso
0.6893424235792265,1097.349735405507,Infierno Rocoso
1.8612096914936573,447.47184416707444,Infierno Rocoso
2.1591662802280496,80.88842394060964,Mundo Helado
0.8880740006996868,1421.4014249140373,Infierno Rocoso
1.8360335659919411,1342.129074200557,Infierno Rocoso
1.7172876576452862,1812.4163748044384,Infierno Rocoso
0.7407595439193168,2231.132229893615,Infierno Rocoso
2.1179553213980356,244.54613237542233,Candidato Habitable
2.441345125767439,1842.1664013338877,Infierno Rocoso
3.518855765773107,509.15926303907645,Infierno Rocoso
3.4475417347882042,2152.533780235052,Infierno Rocoso
0.6285318615980854,2056.7056089610574,Infierno Rocoso
0.855150734485102,1374.9446997145837,Infierno Rocoso
2.364400938851373,1790.0948566271131,Infierno Rocoso
2.3623341234832624,820.1577773001835,Infierno Rocoso
2.3644214935485843,1204.3613523853958,Infierno Rocoso
24.456891654373383,2063.0103993906555,Gigante Gaseoso
2.4586768944930313,1175.199733074374,Infierno Rocoso
3.6506161009333282,926.6057500473324,Infierno Rocoso
3.21491601486643,1260.8204957632347,Infierno Rocoso
2.601202598343096,2079.2106684711853,Infierno Rocoso
1.32221918900891,871.2597160586382,Infierno Rocoso
2.804649159557441,475.7159031825723,Infierno Rocoso
0.9598505821993614,1794.4343498104129,Infierno Rocoso
1.3968601603244568,2073.6466211348006,Infierno Rocoso
1.1737990226681523,296.56182238265666,Candidato Habitable
1.7459728327185247,637.6915762520646,Infierno Rocoso
8.33331217062158,397.83137491443506,Gigante Gaseoso
0.4461564361267983,902.4564583763082,Infierno Rocoso
2.665474613849526,1153.359898318261,Infierno Rocoso
0.5331773825861711,1884.624525560101,Infierno Rocoso
1.1848873347981825,1645.3115829601015,Infierno Rocoso
3.5334170935023783,1571.2749903221563,Infierno Rocoso
1.7246015070091472,913.3186191936533,Infierno Rocoso
0.7753650373778956,2111.5465050576618,Infierno Rocoso
0.9992876573545973,1204.6535601255032,Infierno Rocoso
2.6530725581509684,2448.8070981371284,Infierno Rocoso
0.9888064767370675,1603.6482388245552,Infierno Rocoso
1.9184566078625434,359.3486168330317,Candidato Habitable
1.7021638386293363,1706.6350270848134,Infierno Rocoso
1.044856710290609,846.5048378076625,Infierno Rocoso
7.394680294179987,1731.5016318809387,Gigante Gaseoso
2.5695821949237634,220.62081299789406,Candidato Habitable
0.3994767110734779,478.4595210811005,Infierno Rocoso
1.87858347169965,2146.5562843191765,Infierno Rocoso
1.0374330850051203,606.5899147076115,Infierno Rocoso
2.9942785997510244,2100.7507568452033,Infierno Rocoso
0.9467080554519361,734.2264167133055,Infierno Rocoso
1.5214814387539342,1625.0606796438337,Infierno Rocoso
2.3478290561394664,1750.668905099086,Infierno Rocoso
3.022331749399195,1306.0041452053797,Infierno Rocoso
0.7116226564603751,798.0111579069917,Infierno Rocoso
1.304538234563934,570.9787221091855,Infierno Rocoso
1.1823905538152002,131.31391867794423,Mundo Helado
1.0435929692048722,794.6686830397733,Infierno Rocoso
5.673566703435801,1650.2488368016434,Gigante Gaseoso
2.189092769885563,2348.8468051987825,Infierno Rocoso
0.6820728777105612,2184.4509815444776,Infierno Rocoso
3.134605606865641,1926.8587025114914,Infierno Rocoso
7.28275582457123,1981.6959909705818,Gigante Gaseoso
3.39643272529607,1679.2130135161883,Infierno Rocoso
0.5691797576718857,687.7028010367073,Infierno Rocoso
1.1747274332608384,2272.627825229283,Infierno Rocoso
4.002174364011256,1693.2941641692935,Gigante Gaseoso
1.0046421154557885,1423.0795459020778,Infierno Rocoso
2.249422686920773,321.9241995730286,Candidato Habitable
2.835572444912458,1145.2860823257422,Infierno Rocoso
0.8616972138110902,1177.8777644447193,Infierno Rocoso
1.581434348542408,2168.1808433305414,Infierno Rocoso
0.17052265144236478,1389.2881394600818,Infierno Rocoso
0.8048725404585125,981.9813449775037,Infierno Rocoso
1.3815448008973434,2443.1608048511152,Infierno Rocoso
0.6883566234028794,321.2654536494734,Candidato Habitable
5.169044797530294,1085.2436493642642,Gigante Gaseoso
0.6058644701319305,152.96045416994298,Mundo Helado
1.211632785299006,1862.7650958789793,Infierno Rocoso
1.806729679451238,2299.287552887919,Infierno Rocoso
4.521714799628157,736.0914573986992,Gigante Gaseoso
0.603443112316901,2152.937108157846,Infierno Rocoso
3.7218268129988465,765.9346646316495,Infierno Rocoso
1.6605736960849935,2281.3868960275922,Infierno Rocoso
0.8293972426114429,1897.2066638121207,Infierno Rocoso
2.27839769824476,2022.0216032615247,Infierno Rocoso
1.895233001478822,94.11606122111353,Mundo Helado
1.0831226220028756,2408.8853748313636,Infierno Rocoso
1.7312807620573099,1830.343930572292,Infierno Rocoso
1.2589530743369406,796.6401836960266,Infierno Rocoso
1.7850780534095108,2082.016928904175,Infierno Rocoso
2.6208310762891065,739.7269361165784,Infierno Rocoso
5.003870791868365,2188.2469069370136,Gigante Gaseoso
0.6931763428476718,325.8219565092457,Candidato Habitable
7.338418544498368,1774.0306447789496,Gigante Gaseoso
0.4204366522014852,1374.7112677800303,Infierno Rocoso
1.4825305125142756,286.50945197883,Candidato Habitable
2.4888532059805937,642.6398792341555,Infierno Rocoso
2.007106850708058,80.38988887942124,Mundo Helado
1.0662100337558749,1198.4815153880393,Infierno Rocoso
1.42520323520819,788.099888862001,Infierno Rocoso
1.1675404372704723,1515.975836529509,Infierno Rocoso
1.0913818767648635,778.2326288861121,Infierno Rocoso
2.9883502160470816,784.8018231921125,Infierno Rocoso
2.1168112736770657,1870.8233368924284,Infierno Rocoso
1.0150757937159027,167.94994814696594,Mundo Helado
3.0947895677875605,2262.0927382203686,Infierno Rocoso
2.044410869493726,2138.0464922583947,Infierno Rocoso
2.9124757223616924,1686.121473904696,Infierno Rocoso
2.561876990757143,1503.3928467630915,Infierno Rocoso
0.9228426759069915,2236.141120442148,Infierno Rocoso
1.113906573135624,504.0589398453504,Infierno Rocoso
2.7818203722958947,243.4744473675301,Candidato Habitable
2.527572069886832,636.7999162783684,Infierno Rocoso
1.624774251902648,1996.716782815466,Infierno Rocoso
1.7898452584385551,134.94215347988415,Mundo Helado
4.032414899157795,1477.8767459545495,Gigante Gaseoso
1.0896973834309922,2488.8219146687093,Infierno Rocoso
2.4180662894753437,2146.4554299019715,Infierno Rocoso
1.4311311467443557,1327.5419381567942,Infierno Rocoso
1.415698654126689,205.92022775227375,Candidato Habitable
3.5578050523713296,2086.8651102449894,Infierno Rocoso
2.938183238608249,1517.4973450341658,Infierno Rocoso
2.9137961361950433,331.58584279593873,Candidato Habitable
4.11169423011759,279.9503478172227,Gigante Gaseoso
1.673140984862395,2278.585707619651,Infierno Rocoso
2.657450168814394,1689.5406441982923,Infierno Rocoso
1.326857375115948,2081.752658326051,Infierno Rocoso
2.0686918412185302,2203.498305691555,Infierno Rocoso
1.5051609890412232,1450.8422625183894,Infierno Rocoso
1.7645526029318248,1317.743561799851,Infierno Rocoso
2.5007980921923356,1104.547155286426,Infierno Rocoso
0.9298290952567881,826.5191400882422,Infierno Rocoso
7.132566253203683,1114.7601041038438,Gigante Gaseoso
0.815289375294445,1946.005156538883,Infierno Rocoso
0.7047359897349874,1524.7124059870723,Infierno Rocoso
3.7086859090039894,2236.682060389373,Infierno Rocoso
2.8695748582191265,1136.2810352290098,Infierno Rocoso
2.552016604524537,1537.3694678609475,Infierno Rocoso
2.5595766058795073,1596.7035050753723,Infierno Rocoso
1.63464762134389,1499.6580476504976,Infierno Rocoso
0.8797847004351678,1771.452744059515,Infierno Rocoso
1.7385704424391917,631.7119975182753,Infierno Rocoso
1.0263274028549738,1305.2912549871871,Infierno Rocoso
3.2627937711515287,305.35076688045183,Candidato Habitable
1.4874449256044815,992.0527527297908,Infierno Rocoso
0.9251049968949884,1244.7843181220978,Infierno Rocoso
1.3165700539987453,1647.9494358864076,Infierno Rocoso
2.2013086358396468,2378.8010788361985,Infierno Rocoso
1.1111469976677304,1521.5951130434719,Infierno Rocoso
0.927229402033886,1871.8050946325716,Infierno Rocoso
1.9553731563648766,1290.3518457632467,Infierno Rocoso
1.9571250785326875,1603.5548768720116,Infierno Rocoso
1.1562011695824164,223.7839295277449,Candidato Habitable
1.1856287043251503,673.2593730625251,Infierno Rocoso
1.9395092092575112,936.5400783525898,Infierno Rocoso
0.5983023570302426,1207.6087197659583,Infierno Rocoso
0.6155589008095842,161.83942648084016,Mundo Helado
0.9970932778443591,393.05903900562834,Candidato Habitable
1.4199007769745076,728.1950540886992,Infierno Rocoso
2.0495808235366613,2430.255092707574,Infierno Rocoso
4.630891285615352,861.8001674024744,Gigante Gaseoso
3.005252936248451,1231.000592374602,Infierno Rocoso
1.474093211718067,530.4393962090627,Infierno Rocoso
1.6269199962452494,1546.4111741356323,Infierno Rocoso
0.8172824275961755,737.673878014137,Infierno Rocoso
1.6274930175594424,557.1318171741457,Infierno Rocoso
1.3470795498752788,1315.6029396926488,Infierno Rocoso
2.0665963781596712,63.48920794303101,Mundo Helado
0.9239829494502547,68.77687999060205,Mundo Helado
2.371547178220693,586.7185822995516,Infierno Rocoso
4.820690808708478,139.9673381270118,Gigante Gaseoso
1.5278597441906767,314.66309762019387,Candidato Habitable
2.184087684089276,880.2085908799414,Infierno Rocoso
2.6727309949075457,2016.3349149705416,Infierno Rocoso
1.2450126240692407,1451.519176254787,Infierno Rocoso
1.928735751550987,1306.0359285932202,Infierno Rocoso
1.6633184622882027,769.047616859898,Infierno Rocoso
1.7653928949504791,2332.7966126104,Infierno Rocoso
0.959726578932987,1022.6868510311195,Infierno Rocoso
1.677252640866419,263.3772786496402,Candidato Habitable
2.3363708435168973,1561.812964488613,Infierno Rocoso
4.553064512387025,328.9040640176734,Gigante Gaseoso
3.2267956250396423,895.7966998641456,Infierno Rocoso
7.442655597138546,1293.1592498586317,Gigante Gaseoso
0.9635380562132596,2191.845185478681,Infierno Rocoso
3.03625377822146,1259.1891218332908,Infierno Rocoso
1.8744952140758542,1770.5339767775774,Infierno Rocoso
7.635909493997771,2482.4012555477225,Gigante Gaseoso
0.9363098698606187,372.14834375005495,Candidato Habitable
0.9159392023175726,723.0922375228228,Infierno Rocoso
1.0837477231266244,1016.7113852142337,Infierno Rocoso
0.3727948513521038,1083.4790374201368,Infierno Rocoso
1.1410757808259901,1057.0016344005871,Infierno Rocoso
0.9690947767143606,2273.6469562635593,Infierno Rocoso
1.8317570641124519,1799.3799789437983,Infierno Rocoso
2.094320554360423,1539.3677745222242,Infierno Rocoso
6.130765301661572,807.9631587638161,Gigante Gaseoso
3.206874179091873,2068.286441342172,Infierno Rocoso
1.1009433916639677,2389.898253138223,Infierno Rocoso
0.8790704207000943,2061.935792248055,Infierno Rocoso
2.3264498127063282,53.834507719108615,Mundo Helado
0.6543170592576072,1609.1833569493472,Infierno Rocoso
5.941853585324353,175.28168453314677,Gigante Gaseoso
3.7644737773254136,681.1376898176186,Infierno Rocoso
1.1871756034043226,195.83551585204063,Mundo Helado
0.4969856282211802,1529.298859726,Infierno Rocoso
4.253365967869921,1732.1452880568866,Gigante Gaseoso
1.5216908354055805,330.49471326146755,Candidato Habitable
3.9214889598590954,990.4052634601998,Infierno Rocoso
0.5400468622978756,1167.779446941078,Infierno Rocoso
1.0837610920426606,954.1799033142456,Infierno Rocoso
1.6547841705859136,346.51125118872295,Candidato Habitable
1.7038432174499543,1076.4220859593147,Infierno Rocoso
1.2031632978475015,1890.3862171306243,Infierno Rocoso
2.5497490757024286,223.9687781064759,Candidato Habitable
0.7808796013980405,246.44103450066345,Candidato Habitable
1.4923235882708583,919.1896649981613,Infierno Rocoso
1.7935680183570422,2357.2279934663666,Infierno Rocoso
2.363413999921064,1688.0029844711394,Infierno Rocoso
2.7132045163216905,1712.7413938477837,Infierno Rocoso
0.75032452631526,936.7039775527692,Infierno Rocoso
0.5633354966604021,1504.4689384609192,Infierno Rocoso
4.032448563015106,74.82140086797128,Gigante Gaseoso
2.080524048523759,1608.4353137033784,Infierno Rocoso
0.9763437266843996,2287.55302156178,Infierno Rocoso
4.8832275422916664,1550.804997444807,Gigante Gaseoso
1.7877757403146255,2190.561553992545,Infierno Rocoso
3.764097139258933,1823.73398589193,Infierno Rocoso
1.7285154815654538,345.3681201890411,Candidato Habitable
6.97633388500547,2261.0106028503124,Gigante Gaseoso
5.6335432152409,212.78741867164845,Gigante Gaseoso
1.385034565080414,1358.2203077420213,Infierno Rocoso
3.2546985684324685,398.2359532939713,Candidato Habitable
2.590272712861806,78.68119629071496,Mundo Helado
4.297537096170552,1083.9839373127156,Gigante Gaseoso
0.8390823519826935,772.8497337526828,Infierno Rocoso
2.6650851864370892,1240.7012098041273,Infierno Rocoso
3.4587150276339305,1464.1397224996495,Infierno Rocoso
0.4813706899564522,157.16072715692104,Mundo Helado
0.7201606557574498,351.35807305317684,Candidato Habitable
0.3955561520696884,1418.673871303542,Infierno Rocoso
1.3653560210196791,890.7600152730126,Infierno Rocoso
2.7244854349059535,1836.4750444961476,Infierno Rocoso
4.719250225582579,1648.1145390502522,Gigante Gaseoso
1.7364908887679023,2121.7306893252717,Infierno Rocoso
5.155328716121795,1746.607425339602,Gigante Gaseoso
0.6274627195916505,1103.331139605863,Infierno Rocoso
0.500389888439686,1698.7682248663593,Infierno Rocoso
1.585843766965276,724.6838769257754,Infierno Rocoso
2.157274920375015,800.468072006621,Infierno Rocoso
1.611416613576419,1983.0136418059437,Infierno Rocoso
0.3878217430608108,1143.7278151838764,Infierno Rocoso
1.5490099305257161,2006.0318342699636,Infierno Rocoso
0.6615771652166558,2064.9348154872823,Infierno Rocoso
2.6347038484083,2151.027727270145,Infierno Rocoso
2.13105843101251,2295.756327810958,Infierno Rocoso
0.85392163608441,1105.9137902575758,Infierno Rocoso
1.1506110601004547,831.2237048867902,Infierno Rocoso
0.7854884971940992,1476.3869291555789,Infierno Rocoso
1.57794699505772,959.3724374221875,Infierno Rocoso
3.2174837962691103,1522.6317086605707,Infierno Rocoso
0.8269523260841659,1778.6853634773704,Infierno Rocoso
2.3462834388616813,1736.5922953057354,Infierno Rocoso
1.1374849797487367,967.6545731992973,Infierno Rocoso
0.9464747531582626,458.8074941619444,Infierno Rocoso
1.5297108766412146,1104.7968792324084,Infierno Rocoso
0.7987800715840263,399.3556530006764,Candidato Habitable
1.1190112537581083,2230.7377362003303,Infierno Rocoso
0.7128284256146861,897.3997788077506,Infierno Rocoso
6.52282518742655,428.42638069714326,Gigante Gaseoso
1.689925569721497,112.34701176908965,Mundo Helado
1.0102442612191884,1632.2648464018864,Infierno Rocoso
1.9151308274664582,1610.410677764121,Infierno Rocoso
1.5240486284946078,884.4802081241646,Infierno Rocoso
1.412443637131754,225.69412767674496,Candidato Habitable
2.5342980365305112,1053.5907924933185,Infierno Rocoso
2.8017813099640576,812.4828629053143,Infierno Rocoso
1.1372910886802394,1708.945567350773,Infierno Rocoso
1.1017801958653408,1534.1591611590914,Infierno Rocoso
1.3599715929510892,943.254634083973,Infierno Rocoso
0.3291160630119682,583.8367579247257,Infierno Rocoso
0.5708471784785598,2470.6881170812,Infierno Rocoso
4.292253932715699,1162.3039719304813,Gigante Gaseoso
5.214678301778141,1736.2718776615807,Gigante Gaseoso
1.3849648666952792,394.3547705669839,Candidato Habitable
2.468448644434056,1239.6947641655247,Infierno Rocoso
2.05007239709017,117.46496368019044,Mundo Helado
14.228067040110147,1288.3650388806025,Gigante Gaseoso
3.6099807430818465,2411.842647438371,Infierno Rocoso
1.5075075923080907,991.3064468152105,Infierno Rocoso
0.8446116792619124,145.5402308085334,Mundo Helado
0.5355224726829935,125.84168775239165,Mundo Helado
1.9010845614037517,1000.5675618698302,Infierno Rocoso
0.9709837737466166,442.0610943348254,Infierno Rocoso
0.6092189228029699,107.21263600405548,Mundo Helado
1.0485402733128453,1902.7233541779333,Infierno Rocoso
0.7733035609287057,1173.3813717606322,Infierno Rocoso
5.370919616214685,758.6496913330036,Gigante Gaseoso
3.0561251719238163,2255.203798390378,Infierno Rocoso
1.639545634110509,334.54045249128774,Candidato Habitable
4.645787510175698,2392.001130940532,Gigante Gaseoso
1.7404745664054908,819.2184575745144,Infierno Rocoso
0.9022181462015103,2226.588997156269,Infierno Rocoso
4.788354643023246,1527.2100473746807,Gigante Gaseoso
2.4042476581866445,2075.433031366644,Infierno Rocoso
0.7976604223277933,2460.8322498656376,Infierno Rocoso
1.4430557666058341,756.5933226559271,Infierno Rocoso
0.8932107020710397,2404.7819392486026,Infierno Rocoso
0.6262786922434134,1004.2306425109299,Infierno Rocoso
3.1529051046702405,994.5041666054597,Infierno Rocoso
6.27511397581314,883.9484054235389,Gigante Gaseoso
0.6194041560452554,1376.4486380015837,Infierno Rocoso
2.445081524398916,427.6553557872934,Infierno Rocoso
1.0455574640659495,1406.5931391271274,Infierno Rocoso
1.172352286061405,1377.1767904045098,Infierno Rocoso
1.0890701437491863,1916.6594408819315,Infierno Rocoso
0.9005104238793559,2092.4424067470845,Infierno Rocoso
1.7056821855860098,1129.0813082654388,Infierno Rocoso
0.92158056140565,790.7164609111596,Infierno Rocoso
1.9923598253105381,685.3704984268815,Infierno Rocoso
1.5917488594647464,526.8283999269363,Infierno Rocoso
1.394779540350728,191.23657638761097,Mundo Helado
0.8734585848344131,888.9975481450476,Infierno Rocoso
1.1010453740935946,712.106845720419,Infierno Rocoso
2.797633435187451,2417.722595372698,Infierno Rocoso
2.341149460831984,1416.3866243126076,Infierno Rocoso
0.831695682447342,900.8287456247435,Infierno Rocoso
1.7674407809255483,1472.1456224345552,Infierno Rocoso
2.789803006525153,391.031918296954,Candidato Habitable
0.5124338257547074,1137.9071855453972,Infierno Rocoso
2.4117488172718886,1584.2740874816063,Infierno Rocoso
1.0368252174827952,1247.799687891506,Infierno Rocoso
2.4581746639952886,1034.3580616030945,Infierno Rocoso
0.9662995404250391,2484.9285528042606,Infierno Rocoso
0.46607091866222405,2206.771167264871,Infierno Rocoso
0.5276723661575694,1577.3445974906283,Infierno Rocoso
1.7051608776258034,1444.9745348965928,Infierno Rocoso
1.9774452844104389,1570.618175570231,Infierno Rocoso
0.8754461493737946,543.2146641649615,Infierno Rocoso
2.5780021052656936,1018.0874709975806,Infierno Rocoso
0.5152701031920704,146.67585558270332,Mundo Helado
1.57419517385757,1215.0877918427254,Infierno Rocoso
0.7063027282539692,1380.4102306962748,Infierno Rocoso
1.0446842895822621,607.9868534528634,Infierno Rocoso
1.7043419274417522,2411.8706755555086,Infierno Rocoso
0.9027682927221522,2278.163796796243,Infierno Rocoso
1.2596212984974788,1819.2509268669694,Infierno Rocoso
3.3347741850655885,1356.7972404751383,Infierno Rocoso
1.1009524748119246,2181.424441136828,Infierno Rocoso
2.959393883989839,370.09824236748415,Candidato Habitable
0.7476690852748287,1986.7489959734683,Infierno Rocoso
2.388971466425094,355.8109942187783,Candidato Habitable
4.522649679920277,1995.8161232460434,Gigante Gaseoso
0.2922484009704399,725.6305422158246,Infierno Rocoso
0.9438135161249362,2198.871923494563,Infierno Rocoso
2.4693389642855252,2362.903129872225,Infierno Rocoso
1.4302771401142678,414.5501250425333,Infierno Rocoso
2.1378531217880155,1183.555232410214,Infierno Rocoso
1.0802693079874588,2453.4190764985783,Infierno Rocoso
1.7517457309248028,1234.3482181342092,Infierno Rocoso
1.478496858065387,2165.6914301606357,Infierno Rocoso
3.7338782662744654,1492.3922292217337,Infierno Rocoso
1.970120267366053,969.5582744030246,Infierno Rocoso
2.0882405377404543,750.169711038382,Infierno Rocoso
1.2357599484569635,547.8965731609138,Infierno Rocoso
1.17195775249895,1916.405568875358,Infierno Rocoso
1.2179989028730602,997.0242417164183,Infierno Rocoso
2.1730169459686652,1302.6248823918404,Infierno Rocoso
1.2279067169278923,1256.1974260028958,Infierno Rocoso
2.01948474032419,1464.3336216211715,Infierno Rocoso
7.048258457844411,2170.664006780153,Gigante Gaseoso
3.033713031989865,2452.811391779402,Infierno Rocoso
1.3123028930504361,1048.5813110058516,Infierno Rocoso
3.82229009964981,2077.4213591604425,Infierno Rocoso
1.2390528274249422,1923.0930969040583,Infierno Rocoso
0.39586296538453164,1455.1459310661544,Infierno Rocoso
0.8141094865672063,2392.315501849236,Infierno Rocoso
0.44505636375273855,541.1625630445868,Infierno Rocoso
1.2890951796827474,317.6973152585725,Candidato Habitable
1.670115633139833,2142.2068190407845,Infierno Rocoso
5.330825576542823,1125.9170507526833,Gigante Gaseoso
2.072693898921583,2125.0736928072984,Infierno Rocoso
1.414292816490802,2238.0710027287664,Infierno Rocoso
2.946399471650786,203.021104366725,Candidato Habitable
0.3507103126711652,2214.4886693158487,Infierno Rocoso
1.9443547825059777,1148.3816856550843,Infierno Rocoso
2.8281014921987135,1300.559598060369,Infierno Rocoso
0.5856632155875435,1585.151652178365,Infierno Rocoso
3.6716010863607003,2319.6373864887128,Infierno Rocoso
2.089547395287483,96.83443135292188,Mundo Helado
1.2328128892942425,1218.2664973786518,Infierno Rocoso
2.5675375973429677,1734.9190039548737,Infierno Rocoso
8.080752508714236,1820.6320463606596,Gigante Gaseoso
1.8725598125968912,1746.7044572659145,Infierno Rocoso
1.9615881199007568,379.36606704989856,Candidato Habitable
1.1953599702074156,783.5191915106191,Infierno Rocoso
0.9094720082022945,928.853037271683,Infierno Rocoso
2.9483186879287775,2020.8711588147873,Infierno Rocoso
0.9055084424889461,732.9616874156549,Infierno Rocoso
1.7334200526686867,566.2271614746478,Infierno Rocoso
1.1801479208391323,2395.7476466433354,Infierno Rocoso
2.3054730381601805,71.7150485279988,Mundo Helado
2.0824882935548747,2494.6610964208467,Infierno Rocoso
3.4085192552156567,1708.2121822006193,Infierno Rocoso
1.1537165578488204,2079.749783650337,Infierno Rocoso
1.3649087072907986,771.8175210481733,Infierno Rocoso
0.8309924238732458,85.07243028429696,Mundo Helado
1.208034571563081,1857.7803204757486,Infierno Rocoso
2.147083361544311,2093.6542626516557,Infierno Rocoso
2.8007634245732116,1864.166523286122,Infierno Rocoso
0.8645762928410907,399.9832038870546,Candidato Habitable
3.030489458923386,1895.8984095295743,Infierno Rocoso
4.258625693886238,1933.8608161637203,Gigante Gaseoso
2.2020845451143374,1663.4242633916344,Infierno Rocoso
6.133447983846973,1926.9840353491861,Gigante Gaseoso
0.9592031038767831,2122.5075272104436,Infierno Rocoso
0.6898657315257396,1553.3300798817731,Infierno Rocoso
0.47468484743422296,267.08154922571373,Candidato Habitable
4.698442252037876,1244.6881336846666,Gigante Gaseoso
2.6066241615563115,240.2408699454324,Candidato Habitable
1.5858027252099811,1048.4804260294554,Infierno Rocoso
2.0056697370513934,1047.4108983577876,Infierno Rocoso
0.7498798141379779,211.72411814359188,Candidato Habitable
9.134207078977914,904.6103082252243,Gigante Gaseoso
1.8048091053491633,321.9453420387213,Candidato Habitable
1.7799341268355147,2030.1762645225942,Infierno Rocoso
2.7402156912308486,2371.8356636129533,Infierno Rocoso
2.308750484108878,227.17536438194958,Candidato Habitable
1.9284543304387198,2390.0322578646683,Infierno Rocoso
0.9480650899382405,1330.3126683750256,Infierno Rocoso
2.293382610069467,783.9359109869911,Infierno Rocoso
6.15593801897009,238.3120844266006,Gigante Gaseoso
4.22827467798452,1276.5294567725236,Gigante Gaseoso
5.029047682477075,1996.5630840023343,Gigante Gaseoso
1.1527484257981733,1782.3618693034105,Infierno Rocoso
0.8247100786887991,173.0537280867357,Mundo Helado
1.5097576721528656,228.6094966513636,Candidato Habitable
1.7143044650215165,1037.039542449961,Infierno Rocoso
3.546403753798853,773.4617104174611,Infierno Rocoso
0.5042287520321314,619.3415914873171,Infierno Rocoso
4.8099429513562075,738.4610223263483,Gigante Gaseoso
1.4760867098958992,2018.5327210773673,Infierno Rocoso
1.2228488396100885,2326.608731398042,Infierno Rocoso
0.811822902739605,1042.5016015925378,Infierno Rocoso
0.5176791292252273,2269.971955224618,Infierno Rocoso
2.93356793885599,837.6644680573108,Infierno Rocoso
1.7355468950795527,1217.2706165422894,Infierno Rocoso
0.6683303913971862,603.7710446491993,Infierno Rocoso
0.6659403743553879,1619.1663033308178,Infierno Rocoso
1.3033667318965485,2448.503732178282,Infierno Rocoso
5.303224690470811,1528.5580853062777,Gigante Gaseoso
1.3747694633529406,926.6445060781947,Infierno Rocoso
0.5756818773170107,1637.1527426767946,Infierno Rocoso
1.3881610076983608,351.15566224019955,Candidato Habitable
1.3621897308917887,2227.2147466502265,Infierno Rocoso
0.24961871881184583,1282.5556794105992,Infierno Rocoso
1.5872351344719813,1150.906867997123,Infierno Rocoso
1.402625487904639,1485.368731711122,Infierno Rocoso
2.6840972598838824,1580.720463834036,Infierno Rocoso
6.015077696467925,225.85072525495693,Gigante Gaseoso
3.627687963445568,1722.4121919973359,Infierno Rocoso
1.3658513264537842,642.7326167730475,Infierno Rocoso
0.7599002258326086,1799.183949641145,Infierno Rocoso
9.987675293973613,2065.210246241282,Gigante Gaseoso
1.718501867155372,2019.6983435036748,Infierno Rocoso
1.664875763844833,1403.6273701493283,Infierno Rocoso
1.6211121710336562,1324.4162361613403,Infierno Rocoso
1.8939400326925755,400.0461052815587,Infierno Rocoso
1.4902556935636688,1949.5980684876822,Infierno Rocoso
1.103444438484556,714.9529820944502,Infierno Rocoso
1.1243428606599146,1266.903785903969,Infierno Rocoso
1.611350602464867,746.471527672416,Infierno Rocoso
1.1270489412052453,377.8794893492482,Candidato Habitable
1.0010084602804465,1592.4163573847545,Infierno Rocoso
1.7762442431034222,183.11348531611438,Mundo Helado
1.3792170013350755,1884.18082360919,Infierno Rocoso
4.724657596675733,828.0876483897358,Gigante Gaseoso
0.25777224226124795,50.32999786098903,Mundo Helado
3.5397453741259732,1302.266391131213,Infierno Rocoso
3.944253205070903,164.78717589262766,Mundo Helado
0.3862103295599777,726.6154166612037,Infierno Rocoso
1.297084020837211,1782.0923942665047,Infierno Rocoso
1.2712382097477908,203.58957297357136,Candidato Habitable
0.6155382527010814,2106.3793062722057,Infierno Rocoso
0.9565026866097024,59.35881051352862,Mundo Helado
0.7577489931162179,654.7184795446605,Infierno Rocoso
5.621448159827699,1865.214937572575,Gigante Gaseoso
3.17394367183607,824.8618668368016,Infierno Rocoso
4.015205649941759,299.6363507617332,Gigante Gaseoso
2.7323729519825175,932.5731010610483,Infierno Rocoso
0.7480120138408662,712.4635516420875,Infierno Rocoso
1.142062471815591,2114.6441602933596,Infierno Rocoso
2.322309565487248,817.7023980836007,Infierno Rocoso
0.70083032646958,1982.8845558512178,Infierno Rocoso
2.7158334910124533,2235.0867547863,Infierno Rocoso
1.3934354174390484,1112.8526779624974,Infierno Rocoso
1.268234067393177,2279.3607024432604,Infierno Rocoso
2.7119609682664474,974.4292322098224,Infierno Rocoso
2.2501217323967158,2411.992120400765,Infierno Rocoso
1.280593553250543,268.75933508765365,Candidato Habitable
3.7118516990264663,1733.1972029329447,Infierno Rocoso
0.7735659666213349,1259.8443991194752,Infierno Rocoso
2.5374380362577527,999.7395733663353,Infierno Rocoso
2.4972019387579514,1600.1441029340722,Infierno Rocoso
1.327526574620636,1774.4498745041114,Infierno Rocoso
2.0715417060001013,60.69001064325727,Mundo Helado
0.6867537431665146,459.03506743063684,Infierno Rocoso
3.1481623871248554,1796.9628240540808,Infierno Rocoso
1.4485578922882951,1682.6442632666058,Infierno Rocoso
1.1435001728468688,2416.816387565259,Infierno Rocoso
3.435994687823769,1914.5425861144183,Infierno Rocoso
1.0069836896359197,2379.393133941778,Infierno Rocoso
0.615129227363593,1771.2242287602771,Infierno Rocoso
0.554526644767148,780.2279111666357,Infierno Rocoso
2.519869125733457,308.1440595145984,Candidato Habitable
0.6728044563566917,1965.4684651950922,Infierno Rocoso
5.631387882926178,1628.165592615994,Gigante Gaseoso
0.38390867295822473,168.05573036357578,Mundo Helado
5.406054114053894,932.123641457397,Gigante Gaseoso
1.9111635155638866,2394.159547936501,Infierno Rocoso
1.5407985510770466,1275.982806989993,Infierno Rocoso
1.1258706407464982,1110.1863832482763,Infierno Rocoso
2.1801534844779247,1171.3640326402704,Infierno Rocoso
1.6058540096374159,561.7626738126512,Infierno Rocoso
3.5690923415873077,953.3325686187483,Infierno Rocoso
1.7859658370206317,956.0424771685828,Infierno Rocoso
1.8316390706838623,178.2697994593074,Mundo Helado
1.278223791634438,1930.5406898688998,Infierno Rocoso
1.5842927027252904,1070.4358581645035,Infierno Rocoso
2.0451297567685955,2064.340722700237,Infierno Rocoso
0.49801858924166653,2133.352602743744,Infierno Rocoso
0.6416387711062608,569.3854340117123,Infierno Rocoso
2.7739848648844143,1660.516031316815,Infierno Rocoso
1.8581954092565756,1207.0904201993053,Infierno Rocoso
1.4494898465396244,2206.3840079076385,Infierno Rocoso
1.6701338169786621,578.5646639823126,Infierno Rocoso
2.1028786541606137,1710.6423407596083,Infierno Rocoso
1.1299441692761734,1538.9926995191704,Infierno Rocoso
0.9561759757849476,773.4886200509903,Infierno Rocoso
1.8909733160831494,384.6722139453729,Candidato Habitable
0.8312198616504103,1646.5174131693275,Infierno Rocoso
2.1941109471258353,1859.5637724242101,Infierno Rocoso
0.5006697769977403,823.2869922202075,Infierno Rocoso
3.3885731941997017,1629.8398798546689,Infierno Rocoso
2.2951959880033446,1018.070723648183,Infierno Rocoso
1.9723403134200688,1797.3568640424135,Infierno Rocoso
3.2801320763389477,538.0774234904302,Infierno Rocoso
5.290073347700011,2231.026756458627,Gigante Gaseoso
3.353682666615499,754.1535113406703,Infierno Rocoso
0.4544751865374205,951.0756700025746,Infierno Rocoso
0.6732060184015753,192.32528259685697,Mundo Helado
1.064629653628617,323.2049201871272,Candidato Habitable
1.6791097380766495,1313.8616616452039,Infierno Rocoso
2.368747452362865,705.6020579835301,Infierno Rocoso
0.9920114105355444,2096.926553068376,Infierno Rocoso
1.878994390634608,85.99880220463692,Mundo Helado
0.9716418080767987,978.7804192462437,Infierno Rocoso
1.0745882209366515,876.4965895842771,Infierno Rocoso
0.6159048647025189,97.35269574812253,Mundo Helado
0.8639302243636389,354.70257755125004,Candidato Habitable
0.6400690460903052,1063.4245535506564,Infierno Rocoso
0.8326754928806837,1257.5182318962443,Infierno Rocoso
3.4471550153883492,1040.5098807744293,Infierno Rocoso
0.8482505540223158,1350.79731210963,Infierno Rocoso
10.408964909788379,1508.0726035189198,Gigante Gaseoso
2.3287287797883787,74.31336176319729,Mundo Helado
1.8764567415318734,1187.0331406610844,Infierno Rocoso
0.9040682296813511,2410.5731401745916,Infierno Rocoso
2.6918183063717467,1321.6290863173945,Infierno Rocoso
1.1019193485663636,1709.9785552744354,Infierno Rocoso
1.7957214626687308,814.0664518963639,Infierno Rocoso
9.89529287390842,1946.2788764742681,Gigante Gaseoso
1.5415032400031408,1943.657630596482,Infierno Rocoso
3.6858137480013062,1327.1753167526404,Infierno Rocoso
1.007806817938731,2441.2338670340732,Infierno Rocoso
1.6088313673622483,357.5980261685008,Candidato Habitable
5.694839676877042,91.52177897947342,Gigante Gaseoso
1.063029722096159,1936.887618804885,Infierno Rocoso
5.863308241348727,2027.5310665439622,Gigante Gaseoso
2.705877759401186,344.5077113454118,Candidato Habitable
1.1121257309902364,700.6779407485849,Infierno Rocoso
2.5668652756952968,93.00329024824083,Mundo Helado
3.256940034116144,768.6060964123835,Infierno Rocoso
2.5478935871478603,1944.1975911007453,Infierno Rocoso
0.5492743124269845,1319.0032928958185,Infierno Rocoso
0.9910443200715927,902.8342032623058,Infierno Rocoso
1.3864367341177604,960.7612725205092,Infierno Rocoso
1.5650168639640967,53.31638300289698,Mundo Helado
2.5458649844906542,784.5112925348279,Infierno Rocoso
1.8671079831095536,1633.8239170129298,Infierno Rocoso
0.647432297256368,2436.776387350075,Infierno Rocoso
2.1514423887814225,2125.2990261105538,Infierno Rocoso
2.527953347237237,107.80766338154636,Mundo Helado
2.4396468947140773,2251.4734814533563,Infierno Rocoso
3.513267471047539,1968.8361125816336,Infierno Rocoso
2.9557295534429375,1961.921502748902,Infierno Rocoso
2.2737400060032935,1172.0896095587502,Infierno Rocoso
1.569699189532584,1025.112967738532,Infierno Rocoso
0.5154718142945303,792.1435356413219,Infierno Rocoso
2.2271722987817215,210.95240443819614,Candidato Habitable
1.9067140751700946,609.1766405595628,Infierno Rocoso
1.993925255308177,654.1789056961603,Infierno Rocoso
0.6745402015734444,1235.988820789994,Infierno Rocoso
0.7735696418683858,1881.2387961619002,Infierno Rocoso
3.4459753929851136,1210.834079574969,Infierno Rocoso
1.6036966847830119,191.7189011455435,Mundo Helado
2.6566089751910087,2396.5850124210997,Infierno Rocoso
1.6817297272443952,2359.674581780575,Infierno Rocoso
1.683423129825223,1973.7143807136006,Infierno Rocoso
3.1797375571339352,2478.7533588323404,Infierno Rocoso
1.1488583271319437,1383.981715360644,Infierno Rocoso
1.7634719132496486,2408.782458120355,Infierno Rocoso
1.1929238350967026,235.2323495110394,Candidato Habitable
1.21634765210721,945.9178332403598,Infierno Rocoso
1.327874460157723,602.1841066165763,Infierno Rocoso
1.9260930796036233,529.7910561289616,Infierno Rocoso
1.1792468415639212,394.9672247870564,Candidato Habitable
3.9710450145277183,1574.913421836692,Infierno Rocoso
0.8814164074318668,1964.2385465808975,Infierno Rocoso
1.4465622061215944,1466.8310785798835,Infierno Rocoso
1.211898646569951,410.0586384911137,Infierno Rocoso
4.539807085853158,2037.2532363370037,Gigante Gaseoso
1.8919127295933422,1608.0890325511348,Infierno Rocoso
3.3949572796848058,1001.0059800111391,Infierno Rocoso
0.5828110403968904,1701.6192240633543,Infierno Rocoso
1.9876145201914486,686.7671991449405,Infierno Rocoso
3.073268204054125,895.7209108108158,Infierno Rocoso
1.7464738153200756,2297.840315673376,Infierno Rocoso
3.475840299344418,761.73603889498,Infierno Rocoso
1.1478585602269409,1201.4712569869446,Infierno Rocoso
4.421783883103073,2230.8457866202357,Gigante Gaseoso
8.24188175795825,1783.9173081554422,Gigante Gaseoso
1.2789162091819903,202.39790410352174,Candidato Habitable
1.2070124235991442,410.89245848347736,Infierno Rocoso
4.56021209261202,69.2118973911962,Gigante Gaseoso
4.9813478250150816,1595.7583860614502,Gigante Gaseoso
1.1433905111285416,1146.7998922555248,Infierno Rocoso
1.2285925280279302,378.97338471057503,Candidato Habitable
1.3535770755268273,2396.9385965890874,Infierno Rocoso
0.6433184905354705,1347.6663236667687,Infierno Rocoso
0.866705217812229,642.6385705765784,Infierno Rocoso
0.8163610678899658,1276.4787493290335,Infierno Rocoso
0.9632345880298425,1715.069815201014,Infierno Rocoso
1.609173316041621,236.78608403523296,Candidato Habitable
1.9424504853657125,723.0243468673353,Infierno Rocoso
4.881001113184627,2027.0654526657843,Gigante Gaseoso
0.8196746149447562,1176.1789324865201,Infierno Rocoso
3.2838800946248585,1389.1139979791226,Infierno Rocoso
1.4193624743043212,1110.3992054131998,Infierno Rocoso
1.5926119483703884,157.55485947536255,Mundo Helado
2.6442134389764225,456.086960559382,Infierno Rocoso
0.7513336774117084,1141.5770149176326,Infierno Rocoso
2.1547761044877936,562.5043902494232,Infierno Rocoso
1.8524638165101932,172.4486202162129,Mundo Helado
2.3273164946510994,2116.9416769269683,Infierno Rocoso
2.018627955609057,2453.921696452084,Infierno Rocoso
9.195461967313427,1993.2000412920115,Gigante Gaseoso
1.0550435134186613,2141.773058176434,Infierno Rocoso
1.1368964430386086,642.8439692767612,Infierno Rocoso
1.065880940588356,2403.536090007339,Infierno Rocoso
1.1175804283435398,532.4679759108996,Infierno Rocoso
1.055304141206392,2381.003035386489,Infierno Rocoso
3.789793650278451,2487.30727021658,Infierno Rocoso
4.456452177574092,1793.7208740778194,Gigante Gaseoso
1.1056988675527544,2453.8021428899638,Infierno Rocoso
0.9206743381610387,1445.372459939404,Infierno Rocoso
2.293297847011282,685.8773687814213,Infierno Rocoso
1.1201290131698394,1120.6399198807712,Infierno Rocoso
2.5678071160359104,1504.2242916780256,Infierno Rocoso
1.9003652691111064,229.0498269661867,Candidato Habitable
0.5706262252101345,1574.740998312253,Infierno Rocoso
4.870777819792722,2453.8857000676217,Gigante Gaseoso
5.795689033864308,515.7637419701327,Gigante Gaseoso
1.0736326695284322,1991.8580349065392,Infierno Rocoso
1.256850398797994,2274.352044760067,Infierno Rocoso
2.013965720422814,2362.068902409541,Infierno Rocoso
2.0836470609336244,2402.332230793346,Infierno Rocoso
2.614259780906375,1327.5761148676063,Infierno Rocoso
6.733823951282465,2444.404374579184,Gigante Gaseoso
1.4566465943968192,1905.4100074793753,Infierno Rocoso
0.9428877191220174,446.09501878055664,Infierno Rocoso
0.6278063878749695,1218.4052608465265,Infierno Rocoso
0.9884165824353026,1809.9113796614097,Infierno Rocoso
1.6109291413907127,655.9837737567542,Infierno Rocoso
5.79033706237159,1619.507199694774,Gigante Gaseoso
1.1475991800970222,1683.1711736642171,Infierno Rocoso
1.928324644610144,448.61437233098644,Infierno Rocoso
1.6298760561390897,1434.4590155092528,Infierno Rocoso
3.7881405983574785,1940.485931897589,Infierno Rocoso
9.66830198730955,1272.2943781130577,Gigante Gaseoso
1.1369984584420922,79.65263610146319,Mundo Helado
1.1704547988413794,72.14424924426584,Mundo Helado
3.4243532232283345,924.7218927265299,Infierno Rocoso
2.657335802145903,2319.1754676578657,Infierno Rocoso
6.00561657991443,610.2581100288415,Gigante Gaseoso
2.4812183996831023,1604.1910377356335,Infierno Rocoso
1.2820950996597489,594.0858831986354,Infierno Rocoso
2.4929291423263873,838.0914746658941,Infierno Rocoso
3.5826133008183048,2127.703119523636,Infierno Rocoso
2.92805250167475,1835.7105335613699,Infierno Rocoso
2.3515902978572734,283.72822941736604,Candidato Habitable
3.4787473869533794,1100.3199514167625,Infierno Rocoso
3.7378362951782176,121.46592093089795,Mundo Helado
4.338424629954374,1228.180859177372,Gigante Gaseoso
2.5963248382563315,1672.963328667617,Infierno Rocoso
1.4667034680274402,340.33142781547133,Candidato Habitable
1.8270444023168775,757.7681003274558,Infierno Rocoso
3.836483825044201,1024.6997324802846,Infierno Rocoso
0.9306658607812677,2302.851010407322,Infierno Rocoso
2.1341561362610104,2483.474787786262,Infierno Rocoso
1.251900543434094,160.03268253925884,Mundo Helado
1.682231819968792,1914.4694125637104,Infierno Rocoso
4.034636874826895,960.723962685741,Gigante Gaseoso
1.8847013015243008,1011.5225562622261,Infierno Rocoso
1.7031944630968503,1897.9491847002057,Infierno Rocoso
0.6364182546528478,2300.144758756251,Infierno Rocoso
2.7797958679708445,2379.7750565312435,Infierno Rocoso
2.5904689647681334,1463.9503357938859,Infierno Rocoso
7.495316106486474,924.9468402862319,Gigante Gaseoso
1.3291707287258934,1979.4952603540091,Infierno Rocoso
1.9220748034212345,664.9533889926356,Infierno Rocoso
1.963185832859828,1431.9813706421185,Infierno Rocoso
4.973964935677906,928.5172307359393,Gigante Gaseoso
1.5423282530073357,1658.7461305842965,Infierno Rocoso
2.004340478092715,638.9773365890919,Infierno Rocoso
2.5231990401116726,519.4027170503232,Infierno Rocoso
1.878787057064181,2299.685762354821,Infierno Rocoso
1.2062259912121178,299.4190232263654,Candidato Habitable
1.888651335077965,1289.5968739505824,Infierno Rocoso
3.4957300042379065,591.0893182593719,Infierno Rocoso
0.8036746872046537,145.37841014788523,Mundo Helado
1.809551042880849,138.24610481399466,Mundo Helado
1.0099647502914388,479.293341659277,Infierno Rocoso
3.805824438496519,2173.5873685397005,Infierno Rocoso
0.5676610204771043,742.0729227437154,Infierno Rocoso
1.1148888422687477,2378.6249679094744,Infierno Rocoso
2.1469501765414862,1474.974617823524,Infierno Rocoso
4.93260290066577,1119.704764933477,Gigante Gaseoso
1.5745583452648573,1471.2176449401638,Infierno Rocoso
1.117797611779593,1315.911043804356,Infierno Rocoso
6.1522012746164645,1909.0018217054467,Gigante Gaseoso
0.5983318593029863,742.1153616334881,Infierno Rocoso
0.35375023361326335,914.9734594207408,Infierno Rocoso
2.2434393558814505,2240.531041206464,Infierno Rocoso
1.1601647755903899,2368.818457218493,Infierno Rocoso
0.8066519665170769,2236.7676573418626,Infierno Rocoso
2.707023016304124,1077.6475851954183,Infierno Rocoso
1.9555285200538135,1961.89548236686,Infierno Rocoso
1.1108716289524914,1217.022546587692,Infierno Rocoso
0.6728633075738361,1268.9726377579505,Infierno Rocoso
3.0365443133057477,551.4662671903457,Infierno Rocoso
2.5990365653587495,1498.2692429833653,Infierno Rocoso
1.5381446161273733,506.03294949570244,Infierno Rocoso
6.005320925992361,862.3335127146247,Gigante Gaseoso
0.7795337172658503,2144.823993968841,Infierno Rocoso
0.5667326406834249,557.3357325665953,Infierno Rocoso
1.0157876801456613,224.33779867491037,Candidato Habitable
1.5969407832491924,219.06860190139994,Candidato Habitable
1.9548972109304177,2354.922075232614,Infierno Rocoso
1.3925474386616987,1291.9550730064948,Infierno Rocoso
2.109474316946913,1053.059575951695,Infierno Rocoso
0.6865490568739133,2036.6525234694002,Infierno Rocoso
4.529607190636017,2097.7735233807643,Gigante Gaseoso
1.55658477587587,863.8680311332313,Infierno Rocoso
3.6042261305795242,1749.3642408107983,Infierno Rocoso
2.0957421575684596,1939.2508988371221,Infierno Rocoso
2.2698806508831475,1653.8941828215886,Infierno Rocoso
2.456744491732266,421.40793326024345,Infierno Rocoso
2.2555548412225734,2195.9135546167895,Infierno Rocoso
2.5854664379797314,1370.7816542032213,Infierno Rocoso
4.180399311715967,742.0574446065091,Gigante Gaseoso
1.8918682233105577,1091.80905432235,Infierno Rocoso
2.7082498929385976,142.04917147732309,Mundo Helado
1.5483425155984947,363.27366299492303,Candidato Habitable
4.518057075210034,1925.589538763859,Gigante Gaseoso
1.0268803179417683,50.02850515064704,Mundo Helado
5.816264999318757,1070.5862797816158,Gigante Gaseoso
1.6030201352836932,1330.1499436596916,Infierno Rocoso
0.6055957640706802,183.85432900238212,Mundo Helado
1.8033987707198118,2434.0414992822157,Infierno Rocoso
1.02353655357184,604.0070615616962,Infierno Rocoso
2.969668956938954,795.2868631088882,Infierno Rocoso
1.0441082945454363,794.659155024817,Infierno Rocoso
1.2064372523711246,614.5208221875073,Infierno Rocoso
0.43925353169535397,53.610864111462966,Mundo Helado
1.2012775032018113,1836.894745515591,Infierno Rocoso
0.3021851020593091,2418.771474508249,Infierno Rocoso
0.5440402877850377,599.5190340483604,Infierno Rocoso
2.8074883535892172,1674.4656199183848,Infierno Rocoso
2.8578228996512918,1867.646001048852,Infierno Rocoso
2.220695184975551,2128.6421787717854,Infierno Rocoso
0.837877558969312,1085.4415326833423,Infierno Rocoso
1.5945667204303322,792.1807188190517,Infierno Rocoso
1.6445688007241057,846.9730783564262,Infierno Rocoso
0.7328199201104983,1795.9222660913565,Infierno Rocoso
4.722691221879665,2051.1096929388086,Gigante Gaseoso
3.046988127081098,494.95422100367654,Infierno Rocoso
1.412449001592269,958.8054699865247,Infierno Rocoso
1.6800441743008412,2259.7534820354176,Infierno Rocoso
1.9076420785363808,2026.3991232521112,Infierno Rocoso
0.39486379043295355,2462.903086768066,Infierno Rocoso
1.3867679616939061,1897.908236221098,Infierno Rocoso
1.0228685932794606,1013.3282425184095,Infierno Rocoso
0.8178028329664581,1497.0626932868624,Infierno Rocoso
1.3542256229392995,1669.4849229059348,Infierno Rocoso
5.803032169519853,242.21674997695368,Gigante Gaseoso
2.582066385267456,1384.0175498044694,Infierno Rocoso
1.1053640162065856,1787.8360297578934,Infierno Rocoso
2.4615911429911073,459.9371948025979,Infierno Rocoso
4.390964055555577,1962.547707692615,Gigante Gaseoso
3.149499584137186,1480.2433122595735,Infierno Rocoso
1.718997477443972,2382.9433749591067,Infierno Rocoso
1.0482732174614067,153.93463060688464,Mundo Helado
2.6878895170534363,700.049037010894,Infierno Rocoso
2.171546897963018,1523.807004284569,Infierno Rocoso
3.0852579064823695,776.5717849045302,Infierno Rocoso
2.5718365669435066,1800.3392019745434,Infierno Rocoso
3.437302135394602,1909.562942178731,Infierno Rocoso
1.1335285202867307,301.1641119628624,Candidato Habitable
4.146131977284139,1308.943437306581,Gigante Gaseoso
1.8932969423390873,1296.781861198087,Infierno Rocoso
7.047568127324673,954.7378870280756,Gigante Gaseoso
1.0177237616606991,2335.6659132956966,Infierno Rocoso
5.55764613838157,2077.3904836893917,Gigante Gaseoso
1.8937093949286898,1758.16298567861,Infierno Rocoso
1.0449900851425378,1800.100257550744,Infierno Rocoso
1.1750138281462454,1181.2045523421418,Infierno Rocoso
1.3175275134165878,2306.436576686611,Infierno Rocoso
2.218688293515038,1751.7587967705492,Infierno Rocoso
2.3773462429827217,1836.0036010567503,Infierno Rocoso
1.103415089524974,2161.1427142789958,Infierno Rocoso
1.6208517544371515,721.475393888368,Infierno Rocoso
7.386021674972136,2027.3237144734223,Gigante Gaseoso
5.524983268483749,528.3394772434056,Gigante Gaseoso
2.2376508072230394,896.0877829999752,Infierno Rocoso
1.6931698698640063,872.2456129611146,Infierno Rocoso
1.793236214763484,2447.3873975533943,Infierno Rocoso
2.533147449947293,2148.516198182421,Infierno Rocoso
0.8057717254462755,1767.8661608961363,Infierno Rocoso
1.3769025174374083,1831.2890659577058,Infierno Rocoso
0.5127284804957744,1427.0783462862992,Infierno Rocoso
2.1802862724641487,2370.3721344158716,Infierno Rocoso
2.5935748053541747,1265.8339445617858,Infierno Rocoso
1.175589209014703,982.2683891812416,Infierno Rocoso
4.961909935721177,449.4365754823979,Gigante Gaseoso
0.6990479339234941,1976.203848039592,Infierno Rocoso
0.591518442912568,1849.387633585199,Infierno Rocoso
1.929220958516871,991.6698443841304,Infierno Rocoso
3.431401615027632,111.72386420011193,Mundo Helado
5.358849915309955,2105.5434529091262,Gigante Gaseoso
1.1957588634262597,77.9740594624804,Mundo Helado
3.5081070268256584,1774.0644600911749,Infierno Rocoso
1.6048721102974068,2427.12991882884,Infierno Rocoso
1.4610580865303275,1122.2702539630984,Infierno Rocoso
3.060449976327238,625.6848422400843,Infierno Rocoso
2.6028994971870167,1776.9339746062851,Infierno Rocoso
0.5469080934910308,2051.9639479381835,Infierno Rocoso
4.634731390021694,1388.7542743907259,Gigante Gaseoso
4.332149971083584,2419.2364243775583,Gigante Gaseoso
1.0640752466380203,176.5883680620047,Mundo Helado
2.1750735355256166,1286.7492158460939,Infierno Rocoso
2.3298901729598063,1810.2121709402477,Infierno Rocoso
1.9787624738095142,2163.4691543154886,Infierno Rocoso
1.1216338223691897,489.1762491740856,Infierno Rocoso
1.030314033270425,2010.0085303210194,Infierno Rocoso
1.6194914015738087,1404.132335510436,Infierno Rocoso
3.746830615710158,1021.5565208754099,Infierno Rocoso
2.4121539613085794,372.70182001877924,Candidato Habitable
1.2719739276021327,2169.9746093268354,Infierno Rocoso
2.829752062671881,435.3193600403026,Infierno Rocoso
0.2244774921654114,808.9802550622932,Infierno Rocoso
3.6845042704689788,760.6115533079703,Infierno Rocoso
0.4878244628349215,2184.964383767593,Infierno Rocoso
1.2792722237266738,1698.1223358118002,Infierno Rocoso
0.7529406094250373,2001.8694231188622,Infierno Rocoso
0.6661256030835739,663.6463520416225,Infierno Rocoso
3.715743345536525,1580.9415440371474,Infierno Rocoso
1.1884015383555142,1450.7776587021842,Infierno Rocoso
2.1012926799114897,2090.4344231312643,Infierno Rocoso
1.5954496277464174,2269.913298179088,Infierno Rocoso
2.302345944669136,79.78409011959768,Mundo Helado
1.7398089767837515,1701.348801694042,Infierno Rocoso
0.671598520363909,176.99770784333612,Mundo Helado
3.3114520321774545,1394.703729439522,Infierno Rocoso
1.166923025447974,754.7001861570116,Infierno Rocoso
0.5545449956910448,801.602668829246,Infierno Rocoso
1.221792921021675,914.7483334582736,Infierno Rocoso
4.713976660714166,1572.1665001715448,Gigante Gaseoso
2.9896466987846275,868.4224158884846,Infierno Rocoso
1.2916797536119733,1845.112673946187,Infierno Rocoso
1.2911323279717286,1041.0920946559809,Infierno Rocoso
1.316340402735528,217.4653407593986,Candidato Habitable
7.054908308085861,1970.2116140860628,Gigante Gaseoso
2.154060825140057,750.1078952521298,Infierno Rocoso
2.2278325296926575,1110.2788550181936,Infierno Rocoso
3.3912494330891425,1729.3375138936588,Infierno Rocoso
1.9486803722674833,864.5175850143445,Infierno Rocoso
1.3752980866660685,188.63485755945328,Mundo Helado
1.4369964054116884,966.1065651813933,Infierno Rocoso
1.5681226168777223,2363.8990276010436,Infierno Rocoso
1.6063177286085055,1622.2492733814677,Infierno Rocoso
2.743791383482672,1695.123914234657,Infierno Rocoso
1.7097755764595928,1599.0912764122177,Infierno Rocoso
2.7534317810391378,537.5307404506202,Infierno Rocoso
1.558148712705668,1074.9179670505864,Infierno Rocoso
1.742018734946584,1889.8025059901297,Infierno Rocoso
0.40708206531989194,298.3635990052399,Candidato Habitable
3.1312408769307294,730.7393014197951,Infierno Rocoso
2.1012700195192053,726.9818157413414,Infierno Rocoso
3.3154954745941554,1108.4463726065396,Infierno Rocoso
0.21710400278825745,2451.9034153083535,Infierno Rocoso
7.112560413078071,215.38123937536375,Gigante Gaseoso
1.4952407942957047,1320.8174362324578,Infierno Rocoso
3.581307551992779,489.44347092991563,Infierno Rocoso
0.7961766871499208,2428.1575362538733,Infierno Rocoso
2.5318284103054984,327.5935865822873,Candidato Habitable
0.7886829361526705,1038.8224557858985,Infierno Rocoso
1.065412158427147,1857.8182128447852,Infierno Rocoso
6.295417247752199,1776.158348667241,Gigante Gaseoso
1.4427086006760135,1085.6851603901341,Infierno Rocoso
1.9197654386863767,898.9842114841597,Infierno Rocoso
3.0314692757591377,1024.150327454533,Infierno Rocoso
2.3325855293082864,697.4768447386663,Infierno Rocoso
1.8317892723030862,553.0656998316595,Infierno Rocoso
2.128617486736989,1233.4472590192804,Infierno Rocoso
8.86748228276292,707.907702365638,Gigante Gaseoso
1.583546326096707,754.2810789982627,Infierno Rocoso
1.8979404654429124,1659.0523555126647,Infierno Rocoso
3.439953924329447,2422.9164626647357,Infierno Rocoso
3.5746531593315543,1528.911141370469,Infierno Rocoso
3.7845281421203816,238.59969430916738,Candidato Habitable
2.5782507250204714,235.1798539424641,Candidato Habitable
0.7407415952145667,2380.986891071637,Infierno Rocoso
5.172737640315199,778.3624362529674,Gigante Gaseoso
0.7390115158682361,275.5641159020648,Candidato Habitable
2.0377470812816045,1517.659238518435,Infierno Rocoso
0.9723950811529245,1577.939506811152,Infierno Rocoso
1.5763359853450125,1638.836809290786,Infierno Rocoso
2.0753580379601706,705.1349682509762,Infierno Rocoso
2.0646279709068214,87.02117632546384,Mundo Helado
2.2152040650952847,2414.287655163456,Infierno Rocoso
5.101822803583708,664.6879619432011,Gigante Gaseoso
2.264771817557287,1706.2644057287414,Infierno Rocoso
1.389703416979309,1781.2431812028385,Infierno Rocoso
3.237692930886322,1544.51817184474,Infierno Rocoso
3.790998126158638,816.6231158234382,Infierno Rocoso
0.6981470880210536,714.1858217219611,Infierno Rocoso
2.5047277572616777,1514.2872926216226,Infierno Rocoso
2.693444666595038,2171.934302348644,Infierno Rocoso
1.3387087736520702,2369.4976358623194,Infierno Rocoso
4.31887421242337,309.4692207892062,Gigante Gaseoso
1.4843264332860109,429.3301008644136,Infierno Rocoso
1.8002103468398696,2364.603834018545,Infierno Rocoso
1.4606035241361617,1854.5113094202418,Infierno Rocoso
1.666799521196544,2213.334870832944,Infierno Rocoso
0.765372557200426,546.4499536315907,Infierno Rocoso
0.6016763409832446,1489.5853842180345,Infierno Rocoso
5.033691161212396,1767.7920063228105,Gigante Gaseoso
0.9113092804140848,1716.274119345083,Infierno Rocoso
0.8236787886929766,1049.9716426234104,Infierno Rocoso
0.36517701165333905,87.71748464370577,Mundo Helado
1.0541415896384867,1478.1688391704447,Infierno Rocoso
0.6530099872676326,670.0987709900414,Infierno Rocoso
5.203911800468248,1153.1229030500813,Gigante Gaseoso
3.3430112161244083,2396.0734869553526,Infierno Rocoso
1.0184631326894222,1027.636528223965,Infierno Rocoso
7.978138102432029,2107.5139363278454,Gigante Gaseoso
3.2780077379657158,511.92448408566526,Infierno Rocoso
1.313398472213594,1697.5282201613206,Infierno Rocoso
0.2866240075318629,2443.6670383754117,Infierno Rocoso
8.19611122405523,299.6380971386951,Gigante Gaseoso
0.6233165852568264,70.38385845662043,Mundo Helado
0.5211178189007815,1112.2778419499052,Infierno Rocoso
3.3729890253796175,276.9324334758496,Candidato Habitable
9.095926577286608,1883.5416567067668,Gigante Gaseoso
4.344848858501633,2290.6442264289694,Gigante Gaseoso
2.4466907177098767,1113.3513831364592,Infierno Rocoso
2.500093269968677,683.8435232808304,Infierno Rocoso
2.996338044241407,1114.288131566194,Infierno Rocoso
2.804569392278006,1822.4471537325026,Infierno Rocoso
2.007387241770963,72.18269587190889,Mundo Helado
1.773474776637291,1494.1622742375082,Infierno Rocoso
1.5780419564953847,1552.5646279740788,Infierno Rocoso
0.9726069724054919,1612.336204895042,Infierno Rocoso
1.3546287698348256,642.9540959531491,Infierno Rocoso
0.5040550604582696,1799.4291722764106,Infierno Rocoso
1.5390452570949102,273.9091415128522,Candidato Habitable
0.8252954999632133,538.212324343662,Infierno Rocoso
0.7614638940257598,2199.8016143034806,Infierno Rocoso
1.8699765782862365,1859.8717192800875,Infierno Rocoso
4.368420929490431,83.67660732779586,Gigante Gaseoso
3.13560338917526,658.5218379060105,Infierno Rocoso
0.5491682475755427,575.2958833332532,Infierno Rocoso
0.8246966183605328,713.4755036905829,Infierno Rocoso
3.1852788352826846,656.5214371857217,Infierno Rocoso
0.8288292007960826,203.18942456997206,Candidato Habitable
1.4088260867124929,1174.4042656622098,Infierno Rocoso
2.4230727576831783,1845.1970132261047,Infierno Rocoso
0.8370754088004957,1536.4927255577193,Infierno Rocoso
1.7749333169428605,1698.5355880652955,Infierno Rocoso
0.6480302857569682,248.81548741378592,Candidato Habitable
1.082250478240101,2381.152239933129,Infierno Rocoso
2.0623525667829394,2104.304992915411,Infierno Rocoso
0.5405892052272934,2022.4712803143736,Infierno Rocoso
2.244162311947998,2066.3103223523303,Infierno Rocoso
1.6262122550238782,2335.140744925265,Infierno Rocoso
2.427211258544458,1383.4222169785594,Infierno Rocoso
1.9284949766094708,540.6909437756834,Infierno Rocoso
4.284047759995495,1561.119839238726,Gigante Gaseoso
1.799766891608164,1870.0596594864505,Infierno Rocoso
1.220689815154873,1857.8976137173622,Infierno Rocoso
1.7960831248312799,1327.5501092088562,Infierno Rocoso
2.4116438738959816,217.72386236726624,Candidato Habitable
1.7060863260544483,959.2266991538132,Infierno Rocoso
1.6962402494330595,2305.8781907352254,Infierno Rocoso
1.008642955045182,1481.8998289056938,Infierno Rocoso
1.0366240814730194,1368.913260976498,Infierno Rocoso
0.6176559509255378,708.6911102363741,Infierno Rocoso
5.610858399572169,952.6998537956183,Gigante Gaseoso
0.6902480420382283,2243.5979184252647,Infierno Rocoso
1.0150789183527247,1682.8344664407475,Infierno Rocoso
0.9971190719623262,1979.0982155432155,Infierno Rocoso
3.084677345938145,1163.146286515755,Infierno Rocoso
1.341160421216262,1594.1056876675868,Infierno Rocoso
3.948830467410647,658.5398414208585,Infierno Rocoso
1.0289682107475717,1778.3790341945414,Infierno Rocoso
2.004302086355639,1097.6232675731765,Infierno Rocoso
0.9187484300167745,1134.2365112961268,Infierno Rocoso
7.400920537562527,1640.83969521336,Gigante Gaseoso
0.7179761747236202,2343.8875225988704,Infierno Rocoso
2.048022098001654,206.81554919112125,Candidato Habitable
2.569326536860749,2070.620931500169,Infierno Rocoso
2.202646007216053,766.3386205098732,Infierno Rocoso
1.4481670289351474,1137.6026635406256,Infierno Rocoso
1.5055006642974302,103.68765549877193,Mundo Helado
1.7000676261945038,787.5628906940669,Infierno Rocoso
1.4875025888805882,1281.4465444438197,Infierno Rocoso
3.2372214404254405,187.63138950122558,Mundo Helado
7.747468161204229,1253.1845369887546,Gigante Gaseoso
1.1160054533868276,2321.421040703147,Infierno Rocoso
0.6320024010546738,308.2133843641228,Candidato Habitable
1.5499188367206649,1922.8797837849856,Infierno Rocoso
10.032166055727851,1053.694080771182,Gigante Gaseoso
0.9393452419131186,1655.1756005846282,Infierno Rocoso
5.193364555935991,687.579665063812,Gigante Gaseoso
5.335542517589899,440.7560432263278,Gigante Gaseoso
1.1190590864100058,443.13340496450473,Infierno Rocoso
2.455396254695519,222.7052668257044,Candidato Habitable
5.154538744644197,504.8344270080454,Gigante Gaseoso
1.2644162855129417,1677.3374932229722,Infierno Rocoso
1.4297416275730186,2210.1419990165946,Infierno Rocoso
1.097267897006386,2044.6079296983464,Infierno Rocoso
0.8103170310890535,1728.579059192486,Infierno Rocoso
1.0465569892846243,320.55806535720154,Candidato Habitable
0.6999417324688167,758.5092434250771,Infierno Rocoso
1.6885301685942766,809.026844540049,Infierno Rocoso
0.9617687308490479,662.394518674172,Infierno Rocoso
1.9418674987229252,1311.7638662888216,Infierno Rocoso
0.5548114501909168,1362.106846455198,Infierno Rocoso
2.078436986737232,924.37063916922,Infierno Rocoso
2.9549161449923016,916.7834389042682,Infierno Rocoso
0.4083564027241336,2079.9612148698993,Infierno Rocoso
2.1422134113812836,1983.7674783832297,Infierno Rocoso
3.8937328331859278,804.0997876178268,Infierno Rocoso
0.7069829615065311,2288.781687489485,Infierno Rocoso
5.316422797948875,2384.3967916561396,Gigante Gaseoso
2.210709061892986,850.5192279736,Infierno Rocoso
1.0065128177296847,918.3411245429844,Infierno Rocoso
1.585598035515785,1288.803675883799,Infierno Rocoso
2.437148817809315,2355.7459907075,Infierno Rocoso
1.7388148735087527,2196.982611198663,Infierno Rocoso
2.4039884080348997,301.291508329795,Candidato Habitable
0.8654795651027721,1012.1903210149698,Infierno Rocoso
1.8562393326378102,1405.759414886941,Infierno Rocoso
0.612871403155814,1282.6745577512731,Infierno Rocoso
1.525224720725271,524.9645164453871,Infierno Rocoso
0.8756968154602203,2154.101089361979,Infierno Rocoso
0.9852390668342104,1708.5049183422516,Infierno Rocoso
3.9167617281608216,2102.875518386919,Infierno Rocoso
3.5392579425230752,2153.972484406207,Infierno Rocoso
2.5253929758939804,1883.4718414810625,Infierno Rocoso
0.7674983608136098,1126.0659730618074,Infierno Rocoso
1.3211652141592272,1545.8395497877902,Infierno Rocoso
3.8542189904754593,442.89524499337074,Infierno Rocoso
1.8206650374702826,1700.431272813524,Infierno Rocoso
8.36060403926614,489.1704765612378,Gigante Gaseoso
2.171292229058164,1750.176496749884,Infierno Rocoso
1.885955108701961,612.5154938472232,Infierno Rocoso
1.3279261971281742,338.00068536803894,Candidato Habitable
1.810274757258362,454.94700085024573,Infierno Rocoso
1.4818200778343178,54.88073128672215,Mundo Helado
2.706553552494799,1810.912063741149,Infierno Rocoso
3.22099919928252,1844.3825701930289,Infierno Rocoso
0.9510462140940608,1311.5867072874858,Infierno Rocoso
0.6492982806411058,445.33886258569004,Infierno Rocoso
0.4559629324893832,254.70812690118987,Candidato Habitable
2.3527713444377927,96.86596777135318,Mundo Helado
0.7615826137716327,456.08303356479075,Infierno Rocoso
0.3653047234012405,2232.5960607087095,Infierno Rocoso
2.1641009793295596,641.7652621691203,Infierno Rocoso
9.441356455956788,917.9647516821784,Gigante Gaseoso
1.6417296684199358,308.0964369792663,Candidato Habitable
2.9651972077190925,594.7851966330172,Infierno Rocoso
1.7459181032867916,1322.1001984115026,Infierno Rocoso
1.5384528102920603,1538.9940735843488,Infierno Rocoso
3.13727170383146,651.1131697072171,Infierno Rocoso
1.3455566842607243,191.44379010153716,Mundo Helado
1.9880904791514187,1008.0305293621267,Infierno Rocoso
2.0651202648154534,623.7982587695186,Infierno Rocoso
1.0328651943554503,587.9071119130148,Infierno Rocoso
3.301674105967802,2401.6638666479653,Infierno Rocoso
1.45867453453407,1559.936190518024,Infierno Rocoso
0.9713954707856909,1414.352185771635,Infierno Rocoso
2.400211576874365,1068.6490036321388,Infierno Rocoso
0.8790376167688838,1100.9136169038534,Infierno Rocoso
1.6815681995930893,1375.217259403298,Infierno Rocoso
1.638230510529964,1756.2530272384627,Infierno Rocoso
3.5258688779253506,1770.2579356454821,Infierno Rocoso
2.2985736146678746,470.65007387835146,Infierno Rocoso
1.6200890694557333,1275.276242587736,Infierno Rocoso
2.9224912181231395,1059.2973328335497,Infierno Rocoso
4.362936257780165,2182.7910673599913,Gigante Gaseoso
2.436267644864397,1596.9763569850222,Infierno Rocoso
1.6607126772672103,1354.6349627191555,Infierno Rocoso
0.6581743832411562,332.71687333834757,Candidato Habitable
0.7822510421770252,1533.8128288423582,Infierno Rocoso
1.3315487080661457,337.14956891657187,Candidato Habitable
1.076097916956821,876.1561101360926,Infierno Rocoso
1.4464612957595464,399.96281379511305,Candidato Habitable
1.7154148517466852,1745.5804352097039,Infierno Rocoso
2.3887851423000543,555.3176788985738,Infierno Rocoso
1.569333262130666,1010.0554643106636,Infierno Rocoso
2.317643995894281,2244.403205166008,Infierno Rocoso
1.7248362015767698,550.5751393274772,Infierno Rocoso
0.4136121432013673,1294.122406699009,Infierno Rocoso
0.8542471060738014,1077.215569856754,Infierno Rocoso
1.4905403586045505,94.40390056203785,Mundo Helado
0.7069563745654389,1992.2573782533914,Infierno Rocoso
2.509165207064018,219.16247047076934,Candidato Habitable
4.813986729166806,1211.9248013935364,Gigante Gaseoso
3.869530942424698,1423.6618226004273,Infierno Rocoso
1.4199050317805055,1589.6448187057383,Infierno Rocoso
4.680983773234116,1737.1474918042952,Gigante Gaseoso
1.8295448499452212,670.5173396306519,Infierno Rocoso
1.302180048361091,74.44800281320096,Mundo Helado
1.0731713415983468,1822.4369727695343,Infierno Rocoso
1.3341190941169514,1362.3586684015675,Infierno Rocoso
1.2564323380650122,2098.4883728577593,Infierno Rocoso
1.8576111896613319,2062.401489106701,Infierno Rocoso
1.844857035091556,2116.1491110803136,Infierno Rocoso
1.6522404479390664,1238.4819169498733,Infierno Rocoso
2.2386135398759466,867.3895698003208,Infierno Rocoso
3.7941195919427257,1989.3175963488566,Infierno Rocoso
3.2049224541564563,1155.6705769216746,Infierno Rocoso
0.583081342753967,499.43338118841456,Infierno Rocoso
0.2758922758261912,2144.686347925612,Infierno Rocoso
3.170926884912009,2212.271698092251,Infierno Rocoso
0.6332974329673235,1192.4589025434168,Infierno Rocoso
1.4086956688049563,235.4643319089793,Candidato Habitable
0.7268180424660002,1000.1739202964816,Infierno Rocoso
0.4670185472766747,2018.6672656833782,Infierno Rocoso
2.408547598825419,2259.34636993826,Infierno Rocoso
2.8050142304664236,548.5082191191098,Infierno Rocoso
1.1012464993774413,214.08534946191523,Candidato Habitable
0.2688156085487198,2199.5086101754546,Infierno Rocoso
1.1248265952532035,1004.0421004982445,Infierno Rocoso
2.1689925645441956,1377.31436245553,Infierno Rocoso
0.5855298599747392,2421.7612395243596,Infierno Rocoso
1.8745187200718607,213.08358338984598,Candidato Habitable
1.6311464409179592,1638.3791182576342,Infierno Rocoso
2.4731782137228753,231.55828530842433,Candidato Habitable
1.7926702317667478,969.898874742926,Infierno Rocoso
0.8343116556337083,2019.3456357239445,Infierno Rocoso
3.8098889859384655,1112.0069702513042,Infierno Rocoso
1.4755477825988086,2493.0967670622285,Infierno Rocoso
1.6175082087526633,1419.6952481191754,Infierno Rocoso
0.8578829837668526,836.847273958086,Infierno Rocoso
1.2088898077346935,589.2727484666452,Infierno Rocoso
0.8874865614114353,908.7753090010964,Infierno Rocoso
1.4607321141039462,962.7065207108994,Infierno Rocoso
5.4640809433729505,218.3485104237044,Gigante Gaseoso
0.6310748513806554,955.4567885955943,Infierno Rocoso
0.532861904961893,1187.384373361101,Infierno Rocoso
4.617342066443316,1820.7074929850714,Gigante Gaseoso
1.4240051449268616,1658.9872375679395,Infierno Rocoso
1.0321552408618582,1786.475855311428,Infierno Rocoso
3.4141661183736476,70.49102059829988,Mundo Helado
1.0790371569847088,583.2851289723133,Infierno Rocoso
5.919232525227092,1671.1265065796483,Gigante Gaseoso
2.649969445515445,1235.7739520403804,Infierno Rocoso
1.1717074152511557,63.01801538744757,Mundo Helado
7.464181270970545,2021.0118739579648,Gigante Gaseoso
1.0789620928296655,1943.3834545613265,Infierno Rocoso
2.7717163809169247,1393.6269493342284,Infierno Rocoso
2.0329842883014475,212.8351481518667,Candidato Habitable
4.100951018642552,1927.9618713548323,Gigante Gaseoso
4.918766746036934,1480.0982899418416,Gigante Gaseoso
1.6860742611114994,1965.8019440369999,Infierno Rocoso
0.9729792632108275,1891.780131369809,Infierno Rocoso
2.275001018414142,2017.3550762967009,Infierno Rocoso
1.0259297156874576,1319.1197626913308,Infierno Rocoso
6.748842935774862,393.7950695741117,Gigante Gaseoso
1.8140732509167865,1694.3358097802372,Infierno Rocoso
1.2766952637548175,1570.160773377328,Infierno Rocoso
1.8762520829011458,1868.5203086377635,Infierno Rocoso
0.6421146538596468,466.2084648243015,Infierno Rocoso
0.8351617778600221,527.6892397557085,Infierno Rocoso
3.8201501783927427,2231.5033171873547,Infierno Rocoso
1.0409918959373108,1887.4456062075735,Infierno Rocoso
0.7922821600875881,2275.159797315791,Infierno Rocoso
2.4004516970974543,1908.8525368516057,Infierno Rocoso
3.7810165735027206,1513.0304996762395,Infierno Rocoso
2.7271778432917513,1652.6252057182905,Infierno Rocoso
3.310944115754687,2228.3634136530245,Infierno Rocoso
0.9706818056272754,1468.0765485542543,Infierno Rocoso
0.6094078891674937,1599.3587446045492,Infierno Rocoso
4.715870659313242,433.3679542088214,Gigante Gaseoso
1.3153780473744447,1211.1069892844516,Infierno Rocoso
1.3832238370217367,1805.1729242973424,Infierno Rocoso
4.177595740235519,713.8096108750952,Gigante Gaseoso
2.4335741165081517,545.5227422851106,Infierno Rocoso
2.2685059442382887,818.8756801498181,Infierno Rocoso
7.504491000733018,641.6765385824419,Gigante Gaseoso
1.050784721378885,576.5359607391698,Infierno Rocoso
3.1565766118087826,1090.884565026813,Infierno Rocoso
1.7158510342637379,2274.2043590146586,Infierno Rocoso
1.9897611277089025,1292.2961345098597,Infierno Rocoso
4.806301639670154,510.40493299754144,Gigante Gaseoso
2.3525151429155966,238.5805899831415,Candidato Habitable
2.403214594070058,1755.5825555879169,Infierno Rocoso
3.4929796368898938,987.8569728691501,Infierno Rocoso
1.277024917411348,2063.48581913413,Infierno Rocoso
0.9162676459024564,1665.801383169887,Infierno Rocoso
0.7934486647505847,2000.7915538263528,Infierno Rocoso
0.4162581690381415,716.2677965751994,Infierno Rocoso
6.954194418286453,1746.2793600295925,Gigante Gaseoso
0.7616669776679984,696.951862499611,Infierno Rocoso
1.4121628474694643,2350.7177746532143,Infierno Rocoso
1.3582956157290509,1609.1169897567672,Infierno Rocoso
2.0445642548274545,845.0539104295881,Infierno Rocoso
2.918343173117191,710.304062616068,Infierno Rocoso
3.011178233447526,517.7701334255266,Infierno Rocoso
1.0961957679876067,1751.8703492896332,Infierno Rocoso
1.466699737576504,585.8532518449218,Infierno Rocoso
2.0093393075838484,1508.493001522348,Infierno Rocoso
1.3852992920977796,698.3558159671255,Infierno Rocoso
5.079139732296736,1671.823914744978,Gigante Gaseoso
2.3249126446659423,2046.602334924321,Infierno Rocoso
2.7577481257441603,1956.1618457044003,Infierno Rocoso
2.6222084644333705,1914.0857607804153,Infierno Rocoso
3.748784672943821,509.91989394601757,Infierno Rocoso
1.8714529187618798,266.5431201120708,Candidato Habitable
0.6651236182019273,1762.4246297940947,Infierno Rocoso
2.18099581031907,952.4506737961607,Infierno Rocoso
1.0450347875097643,1109.2482546882009,Infierno Rocoso
1.1387923089732515,126.3152773438081,Mundo Helado
2.4854526928747958,685.9623007238705,Infierno Rocoso
3.9227704436473214,132.50718949243685,Mundo Helado
1.6734545852502136,2204.0051428730567,Infierno Rocoso
2.0466066087865156,646.3218738853997,Infierno Rocoso
5.427889917324936,1415.4760654538698,Gigante Gaseoso
1.951361288413769,145.4993356197695,Mundo Helado
10.187670146518656,1683.7761086988623,Gigante Gaseoso
2.4494334476108923,841.4169970975299,Infierno Rocoso
0.48068941158060075,2249.902008046281,Infierno Rocoso
2.793622483290644,2225.889562888388,Infierno Rocoso
2.152889448518278,846.962014986282,Infierno Rocoso
4.066679943488077,2257.3541944416465,Gigante Gaseoso
2.641183060852006,2490.5863000720083,Infierno Rocoso
1.4964278149219734,2072.2683771036727,Infierno Rocoso
0.6997663639738533,2119.934802000311,Infierno Rocoso
1.424304636020551,660.0714034672703,Infierno Rocoso
0.9090416939302342,1462.920877201503,Infierno Rocoso
1.0981572910352682,214.77698922005123,Candidato Habitable
2.4893083059085765,282.5489452130908,Candidato Habitable
5.306503549127652,2497.286899481562,Gigante Gaseoso
2.173350684438842,850.2661610934817,Infierno Rocoso
0.7138245012496278,1883.0505845196735,Infierno Rocoso
2.2506563116624827,2026.3293799157004,Infierno Rocoso
3.8100489645804827,2152.1570139677115,Infierno Rocoso
1.0758940248539237,2494.1893286352833,Infierno Rocoso
1.50108470483708,641.6663888793262,Infierno Rocoso
1.6657604340406968,148.8595258062643,Mundo Helado
0.9517729037224306,1057.4192190867357,Infierno Rocoso
2.5955444545618116,368.69764108092005,Candidato Habitable
1.5148801031195902,104.94342844703505,Mundo Helado
2.2115037427649518,933.045726496641,Infierno Rocoso
0.8858173291028684,1970.1587151343292,Infierno Rocoso
1.2138282276769001,1437.1426935014235,Infierno Rocoso
2.7337299274339424,816.3060735653675,Infierno Rocoso
1.2699998641928916,1653.1379134571632,Infierno Rocoso
5.522743213777243,618.4445417565862,Gigante Gaseoso
1.2463941094470417,85.23454287660832,Mundo Helado
1.9295355147632391,1922.665796769247,Infierno Rocoso
3.167091257642786,1578.1705579168222,Infierno Rocoso
0.6108792213677364,1917.641430027352,Infierno Rocoso
0.48067391585663827,145.39814088478073,Mundo Helado
0.5666806167022675,2100.943088185098,Infierno Rocoso
3.990070390194941,1567.839190088943,Infierno Rocoso
1.1204151630040398,1430.3186092459682,Infierno Rocoso
9.882242898041113,1580.3044178806024,Gigante Gaseoso
1.110740245554012,2167.861454827492,Infierno Rocoso
1.8760826614837907,1487.9944410693222,Infierno Rocoso
4.852417172105699,1473.3284307260394,Gigante Gaseoso
6.714470823360502,2477.163934811126,Gigante Gaseoso
6.980025036405858,1903.9889093179916,Gigante Gaseoso
3.841474823235882,1133.6198233552814,Infierno Rocoso
3.376513837044422,1783.1226500806729,Infierno Rocoso
2.496198225049194,1003.6146556448817,Infierno Rocoso
